Receita_Real,Receita_Prevista
1429299.0,15949047.078938097
150000000.0,33970823.934590474
1677131.0,69859033.72974312
469310836.0,103271927.34654239
31611225.0,99948149.21855086
17000000.0,2594364.2526901523
6341684.0,3311527.4428768363
35402320.0,121270411.04763931
17800000.0,3835564.0167230833
33583175.0,25102146.70041597
19059053.0,17229799.48381827
68263166.0,43129200.63177627
2700000.0,27832767.464165367
373552094.0,393214187.7530574
161000000.0,226577775.21155077
7000000.0,-4656692.417324406
28600000.0,22327810.16176795
875386.0,37500022.166549645
52395996.0,70114462.18403761
23726793.0,30946545.90104883
13167232.0,1159483.0297504952
7000000.0,1853536.6011511032
543514353.0,282009146.34976095
259012.0,6692594.730385091
133437105.0,430116870.56461006
9722918.0,54904710.98160634
1242995.0,-4166590.522956973
22852638.0,37199648.61858368
110879513.0,51886189.757927895
5100000.0,7030726.748244932
92863945.0,40083664.378479406
288500217.0,220418128.26827163
11098131.0,-633000.6340039307
151161491.0,115048221.19973442
39404261.0,69985023.91226988
887000.0,30712615.533587217
13269963.0,9748205.400942545
30700000.0,70421132.24279144
26533200.0,14474147.425969806
15691192.0,135959230.92422104
6470705.0,19223382.60555251
130628903.0,157057516.86956966
1893139.0,18680357.46053569
8176544.0,1891131.2830573013
46216641.0,100371304.72688024
954305868.0,748597096.905354
2300000.0,-627753.5416807085
1023510.0,13132314.03431844
74800000.0,41687475.62630326
3758328.0,46458649.554836534
73276047.0,55049620.679881394
31635150.0,58761927.44222868
32100816.0,24952799.4612047
653428261.0,477819943.71538883
14010832.0,79015431.52353846
336365676.0,596633280.7934371
17.0,-5276452.32673049
30536013.0,85014934.77324578
1530000.0,-1408779.523556617
878668.0,9841783.544604132
2889720.0,7122468.357958734
921752.0,4200131.991340589
572809.0,1808833.1922878176
102244770.0,103853608.94516215
19075720.0,70007661.3677215
4750000.0,51970053.28494534
31081.0,12896374.780081648
840000.0,-2781910.8745634058
16361885.0,-969303.6653968198
172842355.0,190089595.45260143
30925690.0,115708245.44722642
83869818.0,295971138.9977299
213400000.0,544212801.7936189
21011110.0,78980680.78066637
1600000.0,25567578.78117816
2735731.0,36883473.82687864
60000000.0,32047385.870460927
1071255.0,183406976.81382024
7900000.0,31000126.20951511
10400000.0,24773558.787443418
212874864.0,235469807.06654274
5396618.0,-2155453.9351129713
17850711.0,3667926.912842298
5186767.0,85251263.81148373
92913171.0,115354711.35818003
232225908.0,70424760.23234063
11724119.0,10052206.93845771
4300000.0,10037404.534965249
34522221.0,-1747829.820060337
12827813.0,25200192.36839847
8382938.0,159875749.0834245
117094902.0,109150991.27525288
9206470.0,9870357.710227167
84542002.0,22234771.719031036
56722693.0,145499715.87607628
19910002.0,17310069.836800106
9898412.0,84969779.79588136
80154140.0,175203125.1040501
73706.0,189992629.18646824
213525736.0,46343093.59018682
39241323.0,13150753.815911476
59827328.0,28117369.75177696
57138719.0,63996914.34875013
334748.0,29277773.682583645
4493017.0,16858943.466002923
1400000.0,12114809.097281065
3020601.0,18858938.499833483
28700000.0,12296808.242435127
209196298.0,228914052.0638044
9129999.0,48786233.66139303
55003135.0,175150804.09774137
208101.0,9961717.08342065
204594016.0,175293584.97570246
31670620.0,115083121.85953003
14011454.0,15806086.30066881
71923560.0,31852913.63726995
9470000.0,11974.170897519216
10000.0,-4640427.339987702
20000000.0,4227696.110435061
17460020.0,19002738.812874485
3335913.0,-2763522.3411995494
208867.0,-5025607.98272401
36800000.0,72989662.82883032
9700000.0,1300783.5155791063
45300000.0,33931845.5344751
5500000.0,-4734849.712696693
13143056.0,109242860.36598633
75505856.0,115409700.8857274
42067430.0,49135420.15965732
6604537.0,64081437.51023106
12000000.0,53525668.20953715
585174222.0,418331450.51950717
8130000.0,-2854281.5884507047
2849142.0,42879499.00396028
1120000.0,-2511282.531347594
3200000.0,2349120.760643703
21011500.0,45922006.935402036
108139.0,18840678.61854867
1431461.0,12646943.002727997
15313606.0,27933901.420772396
574480841.0,326134103.56306386
38122105.0,76159750.06218813
285930.0,-2906632.93608416
4864560.0,1090915.5677317008
32861136.0,27967482.81164102
22212223.0,678309.6720186323
71319546.0,76548604.57841599
49050886.0,57992283.9402584
358574.0,78935705.70361018
2641357.0,43437759.64376646
36611610.0,33843154.68252029
1099000.0,-4845959.407873005
89137047.0,55022155.89949241
70936.0,39664886.444316834
14339171.0,48840353.67078398
1000000.0,-2724202.247559335
12975143.0,13115220.136393752
167298192.0,460447730.84132636
44459951.0,10063030.940335901
43101594.0,40308569.74714507
154906693.0,160133186.42449415
246233113.0,292325995.0171198
69834815.0,145402749.6099431
62022014.0,94220475.33457117
177200000.0,57998760.35135449
282358.0,1386116.2284470573
2995811.0,24965212.58247221
20483423.0,-2004137.1810626094
32980880.0,3299003.7766218893
76347426.0,26736947.74401138
1277187.0,47291005.27359534
1671445.0,-4967368.725702278
349779543.0,214999223.27997506
984936.0,-2397877.2416865695
346147658.0,253506331.8121099
12693645.0,55051359.716194235
6600000.0,17840974.42347417
321885765.0,386457843.90664846
20036737.0,43158434.431862794
532269.0,-3291.406178384088
2755584.0,-5348745.3062014235
35078241.0,85009897.56461549
205068.0,2432084.7861200282
3764219.0,8325806.654591184
84967.0,30890087.187650956
8479793.0,114970654.18350485
86369815.0,100371724.4942661
74597643.0,115104050.26205352
14594226.0,220250701.04808378
5285197.0,30965135.599565394
42830578.0,85440908.71973734
443038.0,2866892.6248173583
33697647.0,25219111.884146776
1250000.0,-4087727.628022858
635096.0,100062865.64842886
46720491.0,25259829.320574984
21435321.0,78944640.75225201
274703340.0,340601706.0272985
29000000.0,219957043.77829152
50752337.0,24876701.63082562
177243185.0,55014660.053316385
9797098.0,6762575.9502845295
3704408.0,5203542.919836452
5546827.0,48823652.92550378
52223306.0,36879965.77086826
257010000.0,161015667.42813337
42105111.0,68127669.22802824
1817696.0,6567270.853601862
19.0,-5316000.300398486
156822020.0,70661389.10442562
26152835.0,55071958.30148597
30862156.0,23581012.66823391
6266621.0,17470151.12773545
15000000.0,99935466.24682102
18097.0,3797395.1679947283
5100000.0,-4704206.693529073
188133322.0,265598950.37393045
615752.0,24835594.41039626
521918.0,36931117.4251735
25754775.0,109415594.64526682
6401336.0,2467794.997302646
47351251.0,65390452.11964393
77885672.0,250147653.02432275
319700000.0,64861245.37961605
257047661.0,15387411.340672873
4117.0,-4785407.553917283
859102154.0,749450244.1337254
5500000.0,11250389.933991594
7700000.0,5238383.612862648
214015089.0,160240826.77558202
89456761.0,190265088.20327467
70181428.0,67116839.37949793
342463063.0,220730735.03719687
3076820.0,4031355.518841047
3696196.0,-2129848.124575645
305937718.0,55563955.66109602
57470220.0,49479719.366214834
175582093.0,147920650.43855196
2742912.0,48833547.44245615
52424533.0,103014463.9574477
22632255.0,15850161.876183879
34670720.0,37036029.28825325
5578519.0,51931314.75190761
34368475.0,16261054.180169262
553171.0,26272937.906342797
88933562.0,205183490.8565359
150166126.0,295270727.1310414
2080679.0,15375583.216710538
2494480.0,25081997.865894794
27399597.0,8386582.975386454
82499399.0,31572628.957055748
60917189.0,115313214.35374951
9584131.0,31157688.896135308
116019547.0,17092212.381270476
921000.0,-4563216.880734169
743559607.0,596788804.6098975
86865564.0,55250149.55678261
65048678.0,40436238.99921526
61141030.0,30907087.7667782
88215156.0,100110359.3298002
162966177.0,212724486.85663944
115400000.0,46676508.82809674
181096164.0,73289436.7091022
10000000.0,3979904.030688761
8863193.0,36931986.94332992
858250.0,9677084.812424352
164648142.0,175341978.15861487
64197205.0,97107639.34986083
524580592.0,384573414.226019
17600000.0,57881825.15100838
31626978.0,97803283.85838133
133346506.0,79316134.88873616
184925486.0,1947245.7574647535
143101.0,6764764.73736793
22088533.0,22044197.325851593
136400000.0,1465152.4305271422
7300000.0,75829183.24582511
132440069.0,115147316.28618157
14701918.0,7929177.053173589
293671.0,46011237.48828152
3225000.0,2261417.5673790136
11788968.0,9296940.391956137
9138338.0,-2086132.3496770249
1612259.0,-612971.7330215732
203388341.0,199413090.64935285
11902746.0,7341517.254817227
73180723.0,34321809.43593701
2104439.0,33712666.99228792
2750000.0,-1670723.312631988
20311.0,10023482.855911154
35598376.0,249953990.34251875
78636257.0,82017671.76932256
8838757.0,4998977.466684217
128406887.0,145205638.83889818
150406466.0,385704691.26626545
186200000.0,116369229.16302894
84.0,-5230448.734665436
352794081.0,160901000.9399975
5108820.0,37015970.403886184
14842388.0,12817368.561386265
10631333.0,39904153.85425578
3428048.0,24928812.753441397
209947037.0,46512529.69714986
25097277.0,12994362.15574263
846704.0,9793180.47799874
5460628.0,10113851.248409962
5080409.0,36997650.55583196
967000.0,85401330.65192789
5900000.0,459811.3591282666
53977250.0,43049594.74538681
49263404.0,86549274.51871018
30658387.0,25033364.815904696
5642478.0,54949656.07527783
74237563.0,160246043.88452053
11000000.0,15299087.860155314
1020921.0,12790053.697920807
22200000.0,4606166.987003904
2777280.0,24969620.140023716
46236000.0,22134417.330426317
272912430.0,430820929.16127163
6860853.0,15930037.613035679
4500000.0,-360061.88304224424
288885818.0,251888938.09101504
62794894.0,62997689.8878309
1200000.0,-2523315.7054166053
201.0,12873017.723397128
819939.0,-2511040.9771463037
34000000.0,5446648.203017529
326551094.0,101126526.22080784
4166918.0,30826522.4120782
87700000.0,317327581.88538104
346079773.0,161055205.48753083
30718107.0,58215690.139688864
6340723.0,39922803.51954175
5000000.0,359300.3545563156
1448076.0,3872053.7959080096
7266209.0,157035149.26458037
42432803.0,-3202928.703434681
50548152.0,130323695.98143713
30000000.0,70042172.24351595
147748505.0,8011803.690597361
119942387.0,85278878.50879623
65079104.0,190762332.655208
41382841.0,48985623.16967549
41895491.0,67045119.123285666
65090821.0,100064814.56843463
25000000.0,21981352.151511736
18634643.0,96777402.35072955
19693891.0,96996071.17537677
134402450.0,79192063.64283048
30471420.0,7206599.894367976
51132598.0,85731237.83382742
18564613.0,22313478.103879374
3265941.0,30889217.66949454
1338365.0,39899836.24685839
661769.0,9958598.81141142
2340110.0,946301.1645041378
1667192.0,-3119298.002081332
2690000.0,-968778.6261574039
36348784.0,145280027.6163491
779137.0,-2159351.775124508
78.0,24736289.440256186
86468162.0,221999362.0274133
24946533.0,5458851.44059211
37710610.0,14796478.200090569
133511855.0,145600969.76622212
149044513.0,250398553.9875269
46818041.0,90695942.42298777
3537283.0,1054721.0835942682
18900000.0,73176759.14938408
39000000.0,5119109.708509624
93700000.0,65232199.81517553
8821329.0,54974812.1350446
6671108.0,1325501.0308572575
1591000.0,-2664950.385108287
3531971.0,48764225.8570202
46509.0,18833872.390220832
3250000.0,39652863.10705048
28200000.0,10269616.46094735
122801777.0,121942848.41639882
204313400.0,266184166.07658565
204940.0,30969543.157116897
17300889.0,130252035.69199426
50431.0,-2318893.3651351784
13298000.0,54777581.43046083
1198113.0,84863308.79679699
7000000.0,3768101.4011387937
11740000.0,3911631.863717459
18000000.0,4565807.533461576
15368897.0,84890953.47749421
127420861.0,295731781.6376368
159828.0,10225769.546227964
487625.0,7239118.31195624
11800000.0,10568101.055676954
25480.0,-3339020.9394688783
16680836.0,25213115.20720595
165160005.0,597666148.4297249
48138337.0,85069834.35063905
1600000.0,-3110422.92020891
5200000.0,7290073.637384271
18.0,24732781.3842458
47042000.0,85442048.0883561
13071438.0,46019033.16830459
45629909.0,115934949.81897433
23430766.0,28114011.6126901
98410061.0,14800006.850934278
3049135.0,10380854.818199668
586764305.0,236733876.5822841
38934048.0,17571285.084342476
4181043.0,14665651.304075077
885000.0,-5006224.845140985
6300000.0,-67834.42716442514
83453539.0,6085863.981524857
33750478.0,34377188.74748553
63543328.0,67265886.78486216
7600000.0,16024275.391160756
127233108.0,116259010.24085656
168167691.0,160253389.81377304
155500000.0,100379520.17428917
2807390.0,3851185.360153936
351723989.0,221343115.68639404
12484444.0,7781319.59464615
2640850.0,-4060653.252882789
64000000.0,40183419.09939004
37823676.0,30825802.810845308
3926386.0,20366969.792899836
30900000.0,2315599.3365444867
10143022.0,25258150.25103155
1700000.0,-2814417.5578583702
2028612.0,9704399.675889814
668045518.0,673109330.021012
72028752.0,130149282.63261323
1632440.0,8245467.295904666
67414985.0,60598616.95805072
769563.0,-1050528.6545603052
632302312.0,376862661.3903736
65000000.0,1518365.896963438
37121708.0,21870863.37887702
18867659.0,47180109.75758729
644571402.0,508322650.01280534
100020092.0,145073052.31173652
46616067.0,12921680.756771933
3419456.0,5881575.975253677
2500000.0,-4374080.239385234
89519773.0,160352634.81714368
9216.0,36705042.70450436
58292295.0,250378884.88716096
10500000.0,28063399.65930953
2044892.0,-696685.3431155011
50236831.0,87867348.04566336
47817020.0,55059665.113757275
441400000.0,33503019.231076986
11672363.0,22820384.566869885
8000000.0,6130647.039989982
8000000.0,-3874308.0063483436
348319861.0,99952133.07335685
16700000.0,34871322.49823038
152322.0,-4081732.8499685987
181674817.0,475834713.83074373
10611160.0,39940493.71651719
174600318.0,85874108.6619426
148412065.0,129992889.29799648
933959197.0,749196434.7822049
15938065.0,4479906.954014817
359853.0,-4131969.102175081
11176469.0,3939966.1622628607
3430000.0,-72343.80116618052
135039924.0,176166491.25459373
49078000.0,13144487.288508315
2400000.0,-3977035.564857469
665258.0,-4518716.302695944
16675000.0,7005741.200235015
28283637.0,166073442.50602615
521311860.0,536738782.5852768
583000.0,-3659014.354336555
40000000.0,13762473.012914546
1798500.0,-1786959.2700901497
12974636.0,12828912.164497357
66700000.0,100177971.86230801
22244207.0,31011280.02862505
8143225.0,18995093.049774934
134095253.0,88472352.78222327
1585582.0,25239680.48605381
2023414.0,-2363128.2461251467
16201.0,-3210387.5248124762
3000000.0,-4143264.7944109943
43493123.0,31086988.075002976
23800000.0,69665131.18086153
124731534.0,115241853.89815369
4500000.0,-1860336.9986285209
68729358.0,67052465.05253817
274661.0,-2248252.5107722506
107217396.0,40553234.16633077
384335608.0,296854269.6108053
29116320.0,88304142.05867344
225097437.0,91240812.57746927
26888376.0,10109924.95401316
481800873.0,276024934.6262527
2120439.0,13034750.78999887
1777709.0,13810296.511517633
2700000.0,55435566.80779295
109423648.0,145536835.30633998
72266306.0,-975849.4318136973
5519569.0,81781282.7643152
766075.0,5491692.63539451
13007551.0,5359606.437221443
4796993.0,43273960.4131278
4836637.0,45912112.41844967
7793.0,80244636.20577765
11300653.0,39883795.13604168
16680689.0,195920801.96396446
34327391.0,87920478.60335907
18869631.0,17568226.779102657
1000000.0,-4922136.470496717
260131.0,29081635.403861754
4100000.0,1040658.8761680322
929868.0,-2472283.4272432867
7314027.0,45855263.921050645
24517.0,-4830069.322245281
2474000.0,36701714.54880221
2363584.0,7505234.406021101
5155325.0,5641300.336516736
13644292.0,114972543.1367412
32511655.0,211781.23003490455
82102379.0,295628428.9105617
92600000.0,17445907.59352233
4500000.0,-868819.9547019061
22030000.0,33780489.40848866
14859394.0,75930227.25227803
22939027.0,30983395.480850205
57615777.0,13968220.81648485
13350369.0,-2134555.5159741933
895921036.0,451473084.45488816
72527595.0,37413010.384138264
41771168.0,60908981.58948162
743445.0,6643541.913009137
97918663.0,91230558.25990047
103735.0,3805310.7815566175
65595485.0,66945394.385759726
131523093.0,121527908.35547838
90410749.0,33981138.218928695
3100000.0,-3468786.7872119593
51801187.0,109093063.3760045
264218220.0,520618406.0059964
20173742.0,3818683.3711346593
48443734.0,55043923.83678761
5934907.0,16116534.26589536
71000000.0,127295460.14111456
284785.0,-2697332.440588746
61631776.0,31336111.326367833
21949234.0,73005194.22210705
66308758.0,100402427.48020312
500000.0,895311.5927420044
153698625.0,55459973.28294211
4500.0,24934929.36392104
952820.0,24764054.05449221
299457024.0,506647898.0767715
27975429.0,55991728.61066984
2000000.0,45870075.71309448
314432665.0,446298551.92264956
9493259.0,87918439.7331992
58853106.0,8882208.324545708
15348213.0,34830023.87131233
27391084.0,27923227.335817724
55707411.0,115189412.95830616
2957970.0,17478612.910730317
443280904.0,291497310.29530746
9346177.0,22389354.844283577
34806812.0,145302005.43733722
9851610.0,145082676.97822654
14225876.0,7185560.946857056
17618280.0,3573289.962164689
22165608.0,55158400.399587974
25155355.0,25226337.879860472
43671.0,6680301.542656399
85412898.0,115291206.54937668
100860818.0,133083610.51204248
35856053.0,37000498.97737885
131016624.0,85300796.36301495
167323950.0,115209531.80944264
145969.0,35226664.978910394
8300000.0,-1185573.8192677023
42472472.0,54798329.93267609
21095683.0,19247022.836610403
116643346.0,235581705.05825853
3200000.0,27885718.12155286
52300000.0,97949572.79235278
17635215.0,86173762.60867566
1075504.0,729611.2432473972
4800000.0,-3868641.3831276316
52164016.0,166122285.4397092
1430655.0,14972250.189777553
87970000.0,17519278.18382878
20851521.0,15733706.409993041
48065672.0,33963178.171490915
24362772.0,69970661.87099661
25900.0,9861932.379125308
13300000.0,2432132.729269649
109000000.0,39825987.17033212
35208854.0,69869797.76485191
93411426.0,40160991.52763135
10626725.0,45883268.4023643
11179372.0,-576601.8873754647
17336370.0,61257508.453282416
68792531.0,69995098.32953046
709827462.0,146557349.7881297
51718367.0,12579321.081668809
157107755.0,236003151.51365978
42972994.0,71208016.1909666
1061.0,39877768.47571615
1615018.0,-1135695.338184189
105983.0,18854470.975512568
141069860.0,115520969.22636443
8596000.0,39755796.06673975
5450815.0,-1759424.0013894574
29100000.0,37000199.143531814
17976667.0,115099013.05342323
33579813.0,18960012.489671104
1047676.0,39728900.97066015
76249438.0,175824110.9846573
449762638.0,446107437.82854545
406950844.0,600686404.7543566
27092880.0,8568132.369769955
48975567.0,42893167.4920257
3600000.0,15805297.344115123
98185582.0,82380320.807319
10462500.0,-1883085.52847485
46362.0,6771391.065387543
28733290.0,39995303.34375633
25836616.0,52554099.63559707
1083395.0,672612.8289248478
79000000.0,25625716.56411947
25000000.0,-2531879.4295156733
195243411.0,416025068.6012961
87754044.0,54332489.29080999
255614941.0,25604998.045288917
5796630.0,70039293.83858435
50671850.0,71636388.8082345
301970083.0,446170043.1358077
343397247.0,236133699.17066157
558000.0,24178575.01338094
214215889.0,154535028.9563573
62646763.0,49747171.15777566
28169671.0,115836814.20083772
235956898.0,72330863.96475153
130482868.0,301494925.86572146
3529201.0,-4176155.22267759
34416893.0,109480508.67315127
53760.0,700617.3102385048
100489151.0,25185620.443432264
155446362.0,145970964.73347104
26126837.0,19038838.80805826
4360000.0,-2034532.6138659902
160000000.0,17923578.648334045
22428990.0,54914125.76440343
80035402.0,20025310.94192686
179033791.0,76166046.57297601
2297493.0,54730927.283861205
71009334.0,69966314.2802145
23000000.0,12406586.802388322
53918723.0,70232506.76961777
5359645.0,55130395.91827432
53825515.0,234988213.94142503
9229401.0,15958491.845119897
14655628.0,107978363.61791974
31672678.0,115975607.28863314
553198.0,2878246.9390688455
17432163.0,55058615.69529264
223241637.0,205612343.20795912
969204.0,24921946.55834415
660537.0,4827182.086478846
31429330.0,25087184.991448607
46000000.0,18008401.643662028
595214.0,27832557.58047244
100654149.0,79035310.5075973
8300000.0,51777020.25422016
34560577.0,56662516.89327061
25405445.0,16577708.706029572
49276818.0,265829882.40292168
26325256.0,26218744.906169917
159313561.0,25728229.756422885
39673162.0,31258373.101971775
22754725.0,127012836.75689344
242115.0,31115682.174164824
47340586.0,25644756.01340659
4700000.0,-1611584.8964389558
1451343.0,84972358.36696592
103891409.0,214199326.54283828
45640143.0,19146719.026223715
1594955.0,31598864.41867186
368100420.0,205455080.35518593
143485.0,6764255.01982796
153000000.0,131260886.63713409
11534477.0,145115029.0503223
3486375.0,2371968.0997882495
3562793.0,23781977.60738339
80631.0,-689258.8153413376
1720953.0,-3044214.912506504
201585328.0,121738691.54994841
962102237.0,266037937.10938358
12000000.0,3786930.9667329863
216909830.0,145875617.57011193
8200000.0,12836138.160211053
1797000.0,-2839071.8380012535
40105542.0,39989786.40097077
6399.0,70240992.06748903
21800302.0,84846278.23428506
2970000.0,-2140503.644190469
18750246.0,12837637.329446256
101646581.0,76021616.60885622
35487190.0,24111518.082355443
55305279.0,91105827.3795313
104876233.0,130954096.64484145
12009070.0,42818272.93239445
69633110.0,208981756.04747027
52970014.0,40112628.328103594
10600000.0,42068200.70991663
35134820.0,223041918.2323202
9567121.0,18436645.020272817
7016.0,18845296.059793103
55260558.0,30974580.36574719
41900000.0,10702126.785304412
245000.0,-4630892.623651789
33395426.0,4973182.392885199
23978402.0,27893483.81819123
2745966.0,915868.0290294467
1953732.0,39860827.86335832
3346518.0,1792769.6689072112
136333522.0,115028222.28213677
98800000.0,39861637.41474533
24690441.0,108943236.40263797
77676735.0,9976139.091463335
299965036.0,83452372.79205547
21000000.0,22333405.84842567
747872.0,41787796.396062136
3666789.0,14289166.958866298
223387299.0,160330267.2121544
74541707.0,175075275.95167166
17133446.0,34229254.362816505
3360800.0,39730879.87405062
8000000.0,992745.4274108335
6969292.0,14158392.401650622
1445638421.0,434573889.45791805
272742922.0,51934373.05714743
40000000.0,8391470.267093226
2221278.0,-9963.69629927259
99138899.0,220277656.11093277
155010032.0,157759667.77257097
3210139.0,2659718.6427937755
90029656.0,115300351.48171145
1663075401.0,779027603.212403
9250000.0,1474098.6854509208
7500000.0,9734516.018145278
13767037.0,39993834.15790583
359009.0,-4434336.910476861
6354317.0,78121333.36288804
15478800.0,69830429.58073539
72629670.0,70880597.6299975
12195626.0,64002191.42445806
2193982.0,84947771.99150853
552639571.0,370980550.96250224
181813770.0,13836293.923786685
12916151.0,16048322.065693468
13128530.0,30614601.666719988
87987055.0,56638307.27780186
11000000.0,15855229.068198878
5728953.0,-712966.3210098436
1600000.0,1178531.0769678932
122195920.0,49202313.09093223
785900000.0,331730922.08547544
2049595.0,-3888215.3908124613
742898.0,9797917.852781992
38673750.0,55020176.99610194
10158.0,-5097743.523809365
90683916.0,130163104.97296183
33736689.0,17368027.71943319
61279452.0,206101702.02971518
268117.0,-795390.6455614939
7315040.0,8572999.066643402
11829959.0,63846127.907073066
732000.0,-4086820.2944471
13218980.0,3104040.602993693
13785015.0,100243605.49142535
49400000.0,34259623.896060646
2000000.0,-1593276.6781925005
8400000.0,8338039.875550469
301913131.0,385850890.2500828
120000000.0,223115583.47317863
3602884.0,3822551.227761492
1081041287.0,747877915.4398408
4197729.0,84984231.78730875
3230000.0,7260254.25243073
6342668.0,3847377.4702965114
329945.0,84896020.6695092
14061361.0,24863838.75878755
160542536.0,55600925.17443622
28548025.0,-3688791.2048696103
156835339.0,85364001.33797126
24.0,-5356678.821188736
2827107.0,48847849.51696002
178104.0,27839423.775569685
36000000.0,-4220733.580200551
2100000.0,7703207.734964928
2801508.0,893140.623423717
2697930.0,15833910.881674241
15200000.0,-4746937.7110081455
160638883.0,85439769.35111858
56106607.0,149786371.33180332
30156002.0,79066972.96184485
3470487.0,84799803.98799366
66468332.0,43574753.72847963
16000000.0,-2579444.919227099
16930185.0,81875820.37628733
57200000.0,4841626.5070854295
25399945.0,25032225.44728594
4594452.0,42773417.78887708
587204668.0,401810256.05350196
268375616.0,903549866.6882715
11840661.0,9675015.958879767
23218000.0,-2315356.3636163715
748453.0,3974986.755597284
331500000.0,327015375.2062876
110317580.0,190299299.2452221
11336986.0,13659451.920801729
64828421.0,55410110.91417914
82800000.0,130003773.26664408
2700000.0,11502199.787288249
1183258.0,9811140.525436513
38413606.0,84981803.13314772
154856263.0,37226213.89743154
12090735.0,4192726.0953186695
18948425.0,18946370.049630724
22099847.0,67404469.98896465
306505.0,-5090647.53492551
322619.0,-4130829.7335563246
2281585.0,39763561.76337812
48965210.0,21900996.680504672
239828.0,1257708.5980412215
13092000.0,6577482.763415705
42345360.0,31537278.54648958
492000.0,5669024.308239222
411002906.0,537821362.6734041
3500000.0,3094286.6144134738
77628265.0,340448490.93146044
2015810.0,5456542.719969893
327311859.0,95760002.20558938
22844291.0,63897639.36199476
8009329.0,73021984.91754137
1162014.0,-5219585.078770953
20424259.0,-1817411.8674072428
17535962.0,9137527.756375747
36733909.0,91170921.30772395
48059189.0,23305598.3203543
26700000.0,61376962.25794367
12128105.0,24774997.989909217
64110728.0,4860814.055565501
3469151.0,-2132636.579353129
45500797.0,115082941.95922181
9738741.0,27200501.80615678
9341824.0,10153190.978141217
105232691.0,65223834.45084308
5731103.0,1912253.4569531651
47527.0,12797819.394559175
153083102.0,28482957.161474407
16000000.0,18388549.77204373
21001563.0,31229918.869887553
5127426.0,23175573.52159444
22889018.0,14502271.84082228
11875866.0,66990459.412970036
112983889.0,25563411.09070429
46366411.0,111703664.28624442
15306000.0,-4544358.888272015
133718711.0,310784659.7712961
17970000.0,29530254.37662574
179179718.0,229656320.7355398
8249053.0,14797771.25153685
13450000.0,56107561.99660269
14743391.0,-2976629.56346796
165615285.0,127402920.59189415
20572691.0,30913084.443719022
64256513.0,39964060.65689463
1964253.0,21702086.90637748
149270999.0,148734447.28685617
8124257.0,20664834.125102032
1200000.0,-2926534.1618042993
1300000.0,-3377299.648445027
4627375.0,39853062.16671994
9644124.0,6134694.861874297
1595417.0,14338862.394184776
53424681.0,34622512.80113471
177977226.0,235296053.35218227
3368452.0,2556735.1048864704
476684675.0,48902719.110968575
3100000.0,24736589.274103228
6582052.0,34073487.04381741
44462.0,5347912.917186832
361366633.0,175949201.66564292
30833138.0,26541678.98344591
310634054.0,491149107.0457924
698491347.0,201018041.26579547
96085477.0,241195591.99728608
67872296.0,19701025.701536257
177378645.0,73400075.39866044
212404396.0,193396946.62113476
6638849.0,-1437409.0052124881
35602350.0,71778719.935425
6000000.0,7029577.991074799
10247262.0,54228838.26341356
2379154.0,10070796.63697427
30894796.0,-2120373.37500914
59000000.0,55029951.57951549
106269971.0,88070515.46041852
833779.0,-2859992.3026086465
87793.0,54897035.235122085
5812.0,40083184.64432414
3767399.0,25490161.681872103
158933.0,25347560.704219263
73621640.0,544476624.6592561
13323144.0,102850184.99265377
769028.0,13102600.500076648
55000000.0,142672382.95521736
76073488.0,175225192.87519234
3189418.0,28198264.9237087
28121100.0,109393406.94058576
27.0,-5232528.014842893
95696996.0,179304166.44908643
20000000.0,23121597.859245867
590416.0,24772089.601592917
116799.0,-1209749.8158906084
302204.0,3750950.9050880317
445135288.0,415931700.3413275
6858261.0,14085313.504575282
27118000.0,33785946.38450481
126297830.0,54922491.128735885
479226.0,1266934.615812732
40924982.0,71262677.4169491
170823080.0,201221178.69716597
7825000.0,26212768.82406242
2.0,-5358723.769247174
204334455.0,223255665.8465163
38400000.0,174955822.14701045
4184000.0,39827046.89538314
18937262.0,54923990.29797109
10846026.0,36794213.29061445
9221.0,6890275.185739415
68696770.0,123963312.71343093
119266.0,-2464627.6787622357
11137801.0,70309713.9852309
33956608.0,175061393.64455366
78176181.0,175095364.81942344
15300000.0,12836348.04390398
9771658.0,55184096.160279416
170255.0,12943958.411607098
631221.0,-1966759.1066185096
26000000.0,55095525.241863415
409231607.0,370907571.4041324
76196538.0,40132627.245701246
1149000.0,-5205003.2676845025
1000000.0,-3747408.7219661823
58834384.0,79936221.26780225
224012234.0,230328926.19852853
721651.0,-5305576.631683664
32482682.0,36882064.60779755
43059790.0,-905434.6793457
12000000.0,9914643.169435166
173930596.0,117117854.31232163
497400000.0,267589787.1515152
8493890.0,114884391.98571107
1171761.0,13962141.760210719
13000000.0,75892538.13770494
69075.0,61441696.38551988
2602149.0,194039322.4966067
7.0,-5188328.193973609
18381890.0,100075158.83615756
1072602.0,18164764.994894058
318155.0,-4134658.2182470756
7100000.0,3692153.4876832347
10000000.0,25006675.668158356
7875862.0,12827323.045108039
143695338.0,190298189.85998803
9816332.0,14172394.64230745
65070412.0,49077252.39333131
1800000.0,-3332103.954390693
14293601.0,-603886.7674562214
635064.0,5896849.0158730075
197011982.0,109758514.61612795
3484331.0,126961025.4681247
45431.0,860188.883633879
5176467.0,-4768760.920797063
7133082.0,193551.03560318705
11000000.0,70481938.54697141
227817248.0,355370041.8401156
8352885.0,55592439.87656495
168841459.0,82746837.70194228
60874615.0,265181791.54254192
36220872.0,18844156.691174347
682700000.0,446550742.171396
11000000.0,9228048.333001358
56100000.0,20630867.432745036
6294941.0,15375811.30125495
5800000.0,1292238.2509384295
121214377.0,310817011.84339184
413106170.0,445808893.26704645
300400432.0,128662312.69962169
23932055.0,10007651.628787374
45479110.0,100246663.79666518
355237933.0,151335659.7622226
20703794.0,86318912.17402835
253000000.0,153108569.42905837
13129846.0,1102154.7981962003
795922298.0,687608594.9394943
7936780.0,78816401.81587245
31500000.0,1854786.5147572989
6700000.0,57835320.92133228
1950000.0,313423.08645133115
7775138.0,70150442.24568257
952000000.0,307474144.60593015
1192655.0,-4455074.750022464
6000000.0,9279513.330377517
700000.0,-5298759.518649202
2049761.0,28228098.391489312
1034214.0,21902076.08235402
6897446.0,-4135572.96994891
374218673.0,447435581.83739954
50365377.0,169707432.66752625
6740647.0,49219433.60359829
12885193.0,43782868.40171099
13416285.0,14740620.97211735
3099314.0,9891555.963212987
46733235.0,220848509.77231467
2025238.0,12867470.797226865
21000000.0,18562524.576379035
32704700.0,40318494.24748214
25000.0,3647688.128167011
27645491.0,70058843.00541145
557241.0,54886361.15016741
823258.0,-2685858.8850614647
433677183.0,476343861.6864046
6500000.0,69819095.86131723
47010480.0,40484152.447972454
4400000.0,-1472704.0997458198
131940411.0,178748334.46344125
144008.0,-3640241.5930273654
180613180.0,202521232.20991194
152266007.0,115405023.47771356
2861020.0,-1657501.088228745
108431355.0,175066730.68703097
68129518.0,84647668.2940049
310650585.0,295294683.85542
33224654.0,13552801.021409143
460978.0,19606108.097399876
122426792.0,175132604.183226
19319254.0,-4545581.825645538
233755553.0,265584708.266196
6007194.0,48883469.77798852
153962963.0,146160079.32935137
1891907.0,441358.25168450363
1798418.0,8484598.659984251
1867792.0,3670595.434080966
33456317.0,-2489605.7336279694
3900000.0,-1114723.0812118454
25899797.0,81882446.70430695
65742992.0,85163682.34476297
193081.0,-880033.7405812498
384298736.0,268945455.9075277
86493046.0,295536829.6702906
2228115.0,-2322101.5872985204
119500000.0,2950566.8629752053
26055.0,21803820.53067859
50000000.0,13051059.06177025
14356479.0,24902157.524439428
16815892.0,69769323.44270837
22222308.0,54937422.854318544
205372791.0,221702706.41915065
2158568.0,115553950.94953898
7000000.0,1011284.5477093626
1100000.0,15250177.38888207
680351.0,24874992.577897485
82392.0,-2301414.919845166
43.0,-5184769.029609237
10165694.0,7910368.082412722
47053625.0,79198390.13700305
35000000.0,8401274.833891477
3569939.0,9793690.195538709
60378584.0,19165878.409049653
8000000.0,9651029.251116464
5500277.0,31264939.463221982
237382724.0,331456342.11907434
589244.0,2246577.5849555815
1015760.0,85694508.18756486
14358033.0,114911766.81594594
4026795.0,2525051.8440426737
4781454.0,-3184085.3845329857
40485039.0,25091202.76499896
1300000.0,404056.62663835194
98625775.0,160156273.63071632
161001698.0,37054918.82061685
68392977.0,16509155.482313983
2119994.0,51813300.14971215
48878502.0,43007947.82403277
189015611.0,184711018.11673188
11466088.0,160045814.8414663
764083.0,2169040.5521107037
34000000.0,30715523.92190352
10452324.0,4040800.2850228474
3453043.0,18907751.450131804
1263279.0,30796359.127065852
8613462.0,69932552.98903765
35926213.0,73188542.6195728
43004381.0,19408024.2239202
1564609.0,1737021.1681908574
66316289.0,46301746.502679825
50907422.0,91024962.19098425
1600000.0,-4303946.755424432
37141130.0,175207622.61175567
1208479.0,-3516587.237962419
91709827.0,86532753.6737382
6000000.0,-4821386.21874013
5000.0,-5316692.826342672
149878437.0,147090154.53432208
4139856.0,39740864.34115709
9804775.0,39758794.40521017
50000.0,-5086891.77980286
244721064.0,95219521.71291275
40651864.0,49186901.63119431
14204632.0,-3989047.695841876
4882577.0,39915967.30782921
55800000.0,1497995.4430601122
182290266.0,265264815.53478765
37697773.0,40737961.79949291
821708551.0,414704476.4700278
3377891.0,9857105.054187942
8786375.0,40263624.653473586
11859533.0,29728918.69899378
147880543.0,61828631.96512666
9600000.0,15037953.174215674
75450437.0,151728711.952309
203427584.0,160701251.63109857
183611771.0,250214845.78944468
10499694.0,-1973065.0059577543
30000.0,-4759705.9386164155
1592853.0,40278136.61167038
89237.0,24977985.50435617
78810595.0,175082411.99723125
29762011.0,199076437.2058949
3600000.0,-4341603.751237883
80900000.0,251076628.23261076
5672031.0,1642983.8852073308
35743308.0,139091778.9599293
63710000.0,100060526.94442193
10000000.0,-4141644.3468831377
119137784.0,145521333.89644796
48126384.0,16372532.404499214
2000000.0,-3696702.124155811
38535221.0,33933108.21087999
7018189.0,47330253.52417304
139683000.0,-4655903.460770721
22414611.0,8585445.051946184
9600000.0,-2225377.641262299
2114260.0,10448456.14442553
29934.0,-4342147.934675337
13042112.0,144918457.98020202
189859560.0,145313129.27306247
10409377.0,14194625.35438573
33463969.0,235052468.33484596
16118077.0,69820654.99732184
684374.0,-3219855.69218875
72785169.0,205104574.5879947
1000000.0,-4499544.592051468
2000000.0,-3785460.1166453846
33042.0,9815638.033142133
346300.0,1599309.2999753635
98267558.0,41951059.56123726
33000000.0,10722455.52013381
147845033.0,166128791.83418995
940000000.0,252689224.61215293
13565059.0,773926.6858401
393252111.0,602686806.2316619
7365250.0,48957049.00405245
51973029.0,49239192.65411831
2700051.0,10865866.04917366
1489526.0,1371461.6137801828
2300000.0,-3957135.668320941
31245810.0,235695072.23582482
1637181.0,4526154.350528734
38058335.0,130045090.37076639
10000000.0,1717891.7687496236
160000000.0,103516175.93370189
299268508.0,328130637.1837424
3062477.0,-753983.5912850918
94583.0,8433027.23829315
273318.0,1135718.5426950548
1730000.0,6773310.002008608
52600000.0,39802959.93087935
119940815.0,175145616.97218758
62803180.0,175757158.086613
17762705.0,57981999.63930488
218340595.0,176305884.01008326
7316658.0,24936698.383618586
141000000.0,3501700.845773179
15942628.0,30878423.65100105
41722424.0,80619932.3892105
9760104.0,10119249.786656143
1775619.0,32236088.269776195
32556119.0,40423615.99425482
28831145.0,69956659.63033977
12000000.0,-668231.1110312827
4388563.0,69989521.4199755
21510851.0,22377732.497300323
2300000.0,16418755.577431034
44196684.0,23122999.507506154
26667197.0,17299206.462985832
4311284.0,74658676.13230667
31670660.0,153989601.2052045
10593000.0,32251212.919679597
71215869.0,-1282528.8791189073
233503234.0,598284525.755863
42886719.0,85071483.43679777
8000000.0,413147.82397726364
12235843.0,30830660.119167373
36133014.0,48872405.9090327
7800000.0,-2201598.364172626
7000000.0,21990167.26661475
40227006.0,45860870.81399032
93983911.0,124212984.3578622
726936.0,9803494.76233696
42045846.0,91073535.27420494
15779455.0,45947043.06162998
11642254.0,4283425.834048659
508084.0,39884394.80373576
10389003.0,24838472.815327857
2570145.0,33770834.75861393
66980456.0,70036535.36719157
1891264.0,-1146325.5686899982
22228000.0,8265989.8021064475
5228752.0,5170634.1874438375
56191.0,-1555299.4711374557
2620000.0,-767252.4655263182
10541523.0,144938217.03072202
520000000.0,302960663.6269828
55000000.0,60817202.44890228
27685016.0,70108105.70648032
52501541.0,39949968.46608369
278019771.0,55382552.24827638
5078400.0,10291247.505331546
206871.0,9173430.428170653
1431983.0,-243467.7062098356
87320000.0,39845536.33715921
10632378.0,91919486.49024723
43095175.0,58236738.47575116
60273173.0,30815188.69266004
11990401.0,10453354.642414253
47355187.0,20946627.363102816
12952019.0,18946759.833631877
74.0,-4877863.3915963955
309208309.0,83195119.28665371
15800000.0,42996826.65879634
8138788.0,39855790.654728025
160078586.0,130600142.78840922
547333.0,36979360.691162445
563749323.0,326573240.2154406
67631903.0,220233340.6683401
44998252.0,28304705.939408362
5596267.0,17556833.092915088
179590.0,4574913.093860254
49447308.0,16454896.762281459
27201487.0,18837890.163771186
34061097.0,61830281.051285386
253899.0,6855914.226868482
87000000.0,48962116.19606745
903391.0,640920.3912925832
71485043.0,250511561.36447674
73900000.0,121359461.70021057
4856298.0,9798067.769705513
9600000.0,2072844.46542848
254100000.0,85981059.39518222
29500000.0,55023145.35118765
11620000.0,3418624.034053024
53321673.0,181138523.87725997
1104682.0,6948802.752681874
30102717.0,40376662.01380815
5864949.0,94739547.69056906
100298817.0,240457453.1619205
30036000.0,30886069.414100602
49000000.0,19260895.755177036
11790979.0,69927125.99640621
1461989.0,24984042.148066405
120000.0,23412536.02958141
18377736.0,73106298.19532938
5000000.0,-3417281.8195710657
2100000.0,-4384754.324339905
19595031.0,15815950.83423647
53854588.0,129971990.87885772
300135367.0,395000781.6493973
23717291.0,145576413.37414944
54700000.0,91340537.31499521
80205382.0,91061721.82063152
1094668.0,72879803.70727439
400000.0,-4759470.765814472
1028570889.0,595960963.3582164
27100027.0,36623019.370235816
52287414.0,19497494.64387732
4729352.0,2487793.9149003
105834556.0,84938567.09240437
245144417.0,27919959.146884974
52425855.0,7154278.88805927
2407571.0,4945438.658631656
8351526.0,15865783.21961473
30722632.0,70187891.49317801
41412264.0,69931593.52072713
29942746.0,86132055.72055222
27362712.0,18917825.867392395
48919043.0,137494020.420456
14717854.0,47648287.28572974
121790373.0,325598960.11286455
4772000.0,5019615.001258668
42931041.0,31866376.177002102
1575749.0,43322383.57942497
1980338.0,9841663.611065317
36359037.0,7823088.267269572
83761844.0,145376843.96555877
182016617.0,67273112.78057586
1405403694.0,1094548690.6095033
252000.0,-4085330.856133094
39723096.0,22473469.444660608
48854305.0,40227164.85767336
251171807.0,115444121.81136775
10539000.0,136680361.30974007
1700000.0,9876804.137938555
21000000.0,15678866.79936919
382928.0,-3140166.4378354056
61319383.0,178155742.84814882
34000000.0,40016291.713049226
400000.0,928560.389310671
161626121.0,265353266.51966482
12500000.0,35270302.60151197
12639297.0,55103141.02157827
12881605.0,75969745.35331807
54682547.0,115212140.3639119
891133.0,475192.8354814844
158162788.0,169779003.00681502
25308147.0,21906363.70636671
4633668.0,25019362.57524787
182300000.0,100243065.79050067
14711793.0,85191866.72638485
5000000.0,-1002811.3243133333
3129507.0,-1749748.0064585889
116672912.0,205068624.5097344
3642692.0,41598471.91648889
18535191.0,36868002.400371306
42064105.0,100041277.61144188
68467960.0,121431451.8068852
2181987.0,635260.0435897633
64444713.0,85012416.16893063
13300000.0,123773877.68887024
2329813.0,7863681.711172003
9679739.0,25761091.54605861
29152618.0,51982886.17359871
28202109.0,12982397.110797793
56666667.0,7498698.028155601
40855419.0,31093044.71871321
9000000.0,12695306.202255756
2043067.0,5697621.60298392
26386000.0,2416913.193459739
329400000.0,36628671.08830328
75981180.0,100826092.70607246
203600000.0,355834424.50241315
29200000.0,70065799.15066281
55181129.0,145450423.19162267
82468705.0,37638125.636496864
41200020.0,24860810.436932433
216972543.0,145698415.76651055
2429573.0,21761933.742246922
10018.0,-2257487.393261122
17589705.0,40011134.570880115
2000000.0,3612109.374449523
36993168.0,70056834.11863627
9322895.0,24887435.6825497
96060858.0,34767722.33325681
16500000.0,39946100.60945686
97250903.0,146819674.42090613
358994850.0,49758414.92703971
40266982.0,10038204.697800882
15250000.0,30886818.99871821
14575193.0,-1632573.689257665
1845819.0,-2700136.6429213174
26330482.0,24960954.941844225
4800000.0,-566638.0151023157
21600000.0,85050704.9511978
78599508.0,32423244.557099372
24741667.0,-1276682.1191016021
70692101.0,160297465.38928807
1044665.0,2189519.2038636245
30000000.0,54309902.4135764
75108998.0,91053116.58922143
4000000.0,801091.6323820408
7800000.0,-4417055.60645472
5600000.0,6454847.084514676
41590886.0,22007737.53005137
21633874.0,25051804.597497735
122700000.0,35345232.306043044
731607.0,185208320.717704
7000000.0,-2826350.944970614
163712074.0,446653855.03139347
167221571.0,16205105.184311356
119208989.0,148957189.9164635
2437000.0,-2551818.037974096
9576495.0,66977896.374779
78100000.0,41146005.6819314
31852619.0,130072225.33392362
22300000.0,26395257.091923125
101191884.0,133003434.94134362
192330738.0,162462625.56554264
506863592.0,331900208.2755149
15298355.0,1260725.296708772
362600000.0,370779452.40129167
48400000.0,12833349.705433566
6436211.0,21721246.289203417
16722143.0,11371762.67527391
801693929.0,371850968.62046313
2851888.0,4086037.281070998
10700000.0,51417142.71162902
44617342.0,55112855.638222404
793775.0,16282342.383309193
37788228.0,100472607.37751354
44907260.0,115031940.22184008
14867514.0,39954765.80763635
17900000.0,25040582.940899063
9801375.0,4003440.9876815025
73788.0,6675084.43371788
77947607.0,40617218.70928938
76669806.0,85918124.27068827
374743.0,45937448.37852466
202231360.0,90126142.39698924
113374103.0,100425844.50365704
73279888.0,139536642.43878448
3813293.0,8420644.100410344
88000000.0,115294984.45584941
47231070.0,148549809.60384816
174804407.0,145397352.60069638
145374099.0,100629131.85195105
53565.0,-2709464.0815861514
17436509.0,55377878.7756222
9800000.0,7005201.499310341
119400000.0,28522025.51174389
30857747.0,10053646.14092351
1506008.0,7599661.473005781
371353001.0,596668841.0876962
159212469.0,235297252.68757045
42724017.0,40032842.5414059
16017513.0,84885856.3020945
401748820.0,359225215.4952184
72436439.0,100347228.06896283
226425420.0,597635385.4770185
9494789.0,94232558.63860694
11000000.0,3825999.317002468
72000000.0,7508982.329109117
116300000.0,115290666.84845202
183987723.0,524407329.32235384
16670.0,9656696.110825544
1677.0,-4977613.760601168
143312.0,-5038392.534415736
1500000.0,14920413.6118998
2420917.0,42802111.888038926
254212245.0,190221522.3452996
34808403.0,145407277.10103345
15.0,-5363107.347474702
16140822.0,76079064.77394933
67000000.0,64967304.18213536
3100000.0,2871685.2720943308
13130349.0,84839621.92288074
8000000.0,3734460.0435007606
70642966.0,15916125.322532963
12379402.0,135995001.1021731
37600000.0,-2080675.3736608732
1100000.0,-4134608.7730199695
89800000.0,30888618.001800455
2000000.0,-2127089.653182865
275293450.0,190133760.9782706
782837347.0,175289469.38127863
5132274.0,7136108.956928568
348807090.0,385507310.64475816
2420162.0,9787363.701366138
7200000.0,27844401.01743057
49111202.0,145140454.96055138
103000000.0,99991025.45867777
19444631.0,4102476.10735924
2000000.0,1252590.8278081939
5892466.0,-2181299.6127279303
28646544.0,25475140.006135333
36606743.0,55069319.76363201
8880045.0,31061172.380772717
23438120.0,48177014.29160235
1015000.0,-3587658.4871349623
33333531.0,84955387.77122338
335062621.0,220716492.92946243
5914908.0,90936511.20610707
100655.0,-4605019.415671424
9923127.0,12509948.494489014
40471663.0,21917427.575322535
179780.0,-4973024.167366501
160100000.0,280431330.69647557
6451628.0,24845279.043655694
142044638.0,163244386.2902931
36857.0,12729847.061434913
698200.0,-5124925.189047351
2320250281.0,1384462518.8965993
4159678.0,6027036.580735356
35556.0,-5082274.338558424
25030264.0,12132829.111488245
1148752.0,-3714546.932330457
13204291.0,54886001.34955096
1750211.0,-4330784.231872472
10000000.0,-2749826.175185229
9166810.0,16631617.013997022
11604598.0,20251983.512559503
160388063.0,250678808.6843564
83000000.0,144921816.11928886
9600000.0,22862151.63140104
33800000.0,49743153.38422531
7600000.0,-114119.38459622301
4842699.0,10413356.807218945
8000000.0,608238.5019650832
2360281.0,16258685.492777638
2000000.0,-5223683.25942296
61779301.0,48715828.73874807
20000000.0,183489313.62408483
27187375.0,55218007.36837979
9612469.0,103007148.01157989
4600000.0,-2324963.87990957
57891803.0,73147675.26622108
206431050.0,116048253.09441158
177512032.0,4419940.18460656
100590.0,668535.0886050863
42918532.0,7528700.189962486
4842778.0,24667357.638821393
60088980.0,61044296.604651354
12055868.0,11182797.996317111
497409852.0,521452693.6853888
12589965.0,22351803.34741044
12320393.0,69922568.52193119
5451119.0,33768765.905069344
8349430.0,15851511.128495563
1600000.0,-4209414.628349103
342695435.0,220834417.58150375
9012000.0,3928812.3431529254
10609321.0,8419714.615484517
24829644.0,32419419.70786976
24500000.0,-2098785.3380221673
163247198.0,190240142.02720088
321669741.0,595920695.6725588
42330.0,18673551.232207853
244911350.0,229624195.22495008
20653717.0,4839046.118270304
2800000.0,-4526797.247491132
7235.0,2424978.723945149
14000000.0,5432655.350912079
27107960.0,100208464.9645521
103215094.0,49682257.129891224
12396383.0,18853691.407510262
5150000.0,49297.10345481336
18010317.0,85389037.4641992
215283742.0,445552025.6102862
71600000.0,27876183.405216947
945991.0,11027188.329026483
122563539.0,236843196.00291538
236000.0,-4929811.785901057
300473716.0,89974340.4555919
19885552.0,40123842.11398294
64762724.0,106038861.92452815
10390000.0,3881083.4889796413
56308881.0,76287629.19795124
147080413.0,301240067.0957364
5634828.0,18894348.87716906
13391174.0,54817639.23242555
94216343.0,130079661.21333022
65700000.0,38423737.25850193
19000000.0,12332018.124629151
66166000.0,79339372.01188187
14751272.0,5341586.423014261
4327000.0,-351434.7367704585
1862261.0,-862293.9378527813
60331447.0,130036605.0728951
43070915.0,115925205.21894549
78269970.0,100142231.66774069
2279000.0,-1030748.9033255037
42277365.0,145097758.62073272
4389334.0,853082.8214590009
1560697.0,3668637.1255238205
65565672.0,180944681.29514778
487853320.0,180899368.53014052
13475000.0,7051285.961600587
288485135.0,115349973.98339678
624026776.0,671049651.3921466
856085151.0,344821061.8083773
128000000.0,55469238.148815684
116980662.0,100289749.920485
191000000.0,8465182.450708495
2091037.0,9627312.393815497
40954603.0,145026488.115291
5380142.0,27726056.598003373
32287044.0,205138365.86255622
80460948.0,40286981.7101581
3430018.0,32972199.14136532
791217826.0,597112475.2477785
500000.0,-3793253.3171787956
18344729.0,823729.0878336579
14779858.0,28253280.499281116
175372502.0,130249097.32029326
4709246.0,9916592.089440934
2365467.0,6863859.823815078
128038368.0,175347764.9518628
2270000.0,-100101.47987012565
81967450.0,101101220.24411756
75100000.0,79319762.87828536
208550.0,-354275.089794348
37707444.0,22234391.32358126
171844840.0,205475918.80755532
100000000.0,6853215.72224511
147298761.0,38951954.54683457
212000000.0,445745358.4748584
1500000.0,-3627283.6530336738
3727746.0,24865517.828330982
13960394.0,22266374.206509188
55635037.0,9730455.2371977
37493.0,-1071097.2564673377
240891763.0,288259310.6955948
2500000.0,-3609358.706782113
104478416.0,145358404.18396568
2052415039.0,900830853.4297622
28579636.0,2741666.8686513025
2799439100.0,1069329150.582468
9411042.0,75939612.05169041
198802074.0,370765360.21048075
25023434.0,75992412.79215439
187112.0,7220392.251331875
14949697.0,21866875.588711374
4280982.0,7421214.450073872
156888.0,-841175.2740046987
389503.0,6666479.202307796
6.0,6850924.535983756
113783.0,5333161.091912402
10589102.0,70566671.59214528
3014000.0,9098326.743762499
50000000.0,39947090.06115209
309232797.0,116559323.82205312
34562222.0,39816302.53707268
16303643.0,24507767.288323265
545436.0,-4826232.003135885
121969216.0,160238877.85557622
8000000.0,-4022930.738288113
341631208.0,133688435.34829415
284139100.0,747092770.5279785
7095755.0,19667914.777374215
2199000.0,-4109516.3201231137
295206.0,9803104.978335807
2360561.0,-3404087.3372961376
19300483.0,12693509.016904082
5000.0,-5075551.2307340745
27333835.0,99967908.26907088
39861118.0,121780098.6042248
85300000.0,25026918.38819331
100000.0,-1740465.1137050698
22300000.0,67163103.74209641
36869414.0,40601537.39908912
49805462.0,175058035.50546682
348800000.0,206906725.92563635
19660000.0,27628884.93069007
1277800.0,-3693138.7956517087
366101666.0,266175740.74548376
857611174.0,532563096.85427326
11348324.0,88142625.50063196
49101993.0,49037884.209214784
59927618.0,90978817.7619246
1681545.0,6283302.752070975
278454358.0,23800354.151357133
5484302.0,54810623.12040478
4710749.0,9798127.73647492
9171289.0,60771177.95338144
5000000.0,5952237.4156744
763455561.0,133069334.48556365
77527732.0,25045807.92055691
4922166.0,30831769.504401423
4905000.0,2011101.1055018725
173700000.0,146250949.57983822
61347797.0,175083641.3160041
3878993.0,32506838.233654484
5555305.0,18843706.940403786
10629321.0,19011793.795055132
59900000.0,100165558.7410405
58972904.0,11494754.519330248
415885488.0,237122551.19820374
365304105.0,614055715.836879
42964410.0,-4720796.893821834
1273261.0,-4407246.55714369
250162278.0,238293102.53705293
23456897.0,-2003648.0583559657
429028.0,9721520.188555872
169000000.0,66812581.015532956
60781545.0,18357869.1986706
36734619.0,4996723.764198028
10429707.0,9992749.886589423
1489573.0,-771943.6387228649
200512643.0,85366220.10843936
47386287.0,175200786.40004313
4500000.0,-4136339.6349283513
2600000.0,24635335.383957382
48000000.0,251274188.7544263
14000000.0,6062506.92484034
1308242.0,69855105.90634689
31000000.0,9012804.742034944
93974620.0,145084925.73207933
136700000.0,85502074.82453376
817400891.0,220919900.21129525
2028752.0,1415729.3509330666
20966644.0,3957446.475545369
3919254.0,-3716468.2160893655
